Name,Confidence,Admitted

Vinay,0.6874244398810062,1
,0.9093241753463336,1
Vinay,0.9093241753463336,0
Suresh,0.9093241753463336,1
